video_id,title,publishedAt,channelId,channelTitle,categoryId,trending_date,tags,view_count,likes,dislikes,comment_count,thumbnail_link,comments_disabled,ratings_disabled,description
"8DcsFo3dnzE","Giving My Shed a Tiny House Makeover!","2020-04-07T17:54:32Z","UC0CG8Kj2DqFc9bJld0hJKBA","Ryland Adams","24","20.08.04","Ryland Adams|Morgan Adams|Shane Dawson|Makeover|Reveal|DIY|Design|Spotify|Podcast|Hermes|Gucci","1943611","165820","1674","12241","https://i.ytimg.com/vi/8DcsFo3dnzE/default.jpg","False","False","Subscribe to Shane https://www.youtube.com/user/shane/vi... Subscribe to Morgan https://www.youtube.com/channel/UCSfL...I finally have merch!! https://www.amazon.com/rylandadamsWATCH MY LAST VIDEO: Sewing a Suit for my Wedding https://youtu.be/n8IypLpjhFwADD ME ON:INSTAGRAM: https://www.instagram.com/rylandadams...TWITTER: https://twitter.com/ryland_adams?lang=enSNAPCHAT: @rylandadamsPalm Leaf effect by iEditingXCheck out her channel here: https://www.youtube.com/channel/UCSFP...Subscribe here: https://tinyurl.com/iEditingXsubscribe"
"MuEVSZYtDl4","This is the PS5 Controller...","2020-04-07T23:09:01Z","UCXGgrKt94gR6lmN4aN3mYTg","Austin Evans","28","20.08.04","ps5|dualsense|playstation 5|ps5 controller|controller|playstation 5 controller|gaming|tech|reveal|announcement|xbox|sony|xbox series x|series x|dual sense|the test drivers|test drivers|this is|austin evans|playstation","1729220","61119","19776","16175","https://i.ytimg.com/vi/MuEVSZYtDl4/default.jpg","False","False","The PlayStation 5 DualSense controller for PS5 is...unique. ğŸ™ƒGaming LIFE HACKS https://www.youtube.com/watch?v=Y80ZTbjtz5cHands on with the Xbox Series X https://youtu.be/7Fjn4GRw8qEMore on the DualSense for PS5: https://blog.us.playstation.com/2020/04/07/introducing-dualsense-the-new-wireless-game-controller-for-playstation-5/My new podcast The Test Drivers! https://www.relay.fm/testdriversOur second channel This Is! http://www.youtube.com/thisisSubscribe! http://www.youtube.com/austinevansInstagram: http://instagram.com/austinnotduncanTwitter: http://twitter.com/austinnotduncan"
"b4F_SJHfgqo","Trying Awful Viral Photo Ideas","2020-04-07T17:30:02Z","UCSUf5_EPEfl4zlBKZHkZdmw","Danny Gonzalez","23","20.08.04","danny gonzalez|funny|commentary|comedy|react|reaction|reacting|awful|humor|trying|troom troom|troom troom's|photo|ideas|viral|troom","1615824","150982","909","16397","https://i.ytimg.com/vi/b4F_SJHfgqo/default.jpg","False","False","Thanks to ExpressVPN for sponsoring this video. Go to https://expressvpn.com/DannyGonzalez and find out how you can get 3 months free.Back at it again trying some troom troom crafts. This time we're following some of their viral instagram photo ideas. Enjoy :-)Support MeMERCH â–º http://dannygonzalez.storeFollow MeINSTAGRAM â–º https://www.instagram.com/dannygonzalez/TWITTER â–º https://twitter.com/dannygonzalezSECOND CHANNEL â–º https://www.youtube.com/c/2Danny2FuriousSPOTIFY â–º https://open.spotify.com/artist/6pDkmNhHCLh7YEb3sXceOs?si=8ZpMgF41SoufOS1UZ4vbkgWHY DO I CALL MY FANS GREG?Greg is the strongest family on the internet, we're the fastest growing channel on Youtube, and we make fire content. So, instead of making up some pun using my name and calling my fans that, I decided to use a different name entirely. A name so strong, haters tremble when it is spoken. WE ARE GREG. AND WE ARE TAKING OVER THE INTERNET. And all you have to do to join is hit subscribe and turn on notifications. #dannygonzalez"
"laxOfJLBpm4","Call of DutyÂ®: Modern WarfareÂ® & Warzone - Season 3 Trailer","2020-04-07T17:00:03Z","UC9YydG57epLqxA9cTzZXSeQ","Call of Duty","20","20.08.04","call of duty|cod|activision|fps|mp|multiplayer|modern|warfare|modern warfare|mw|battle pass|tiers|season 3|szn 3|warzone|wz|battle royale|br|gamer|gamers|gaming|video games","1900394","58737","2252","6284","https://i.ytimg.com/vi/laxOfJLBpm4/default.jpg","False","False","Take it to the next level.Experience Season 3 including old friends, bigger squads, fresher rides, and more. Coming tomorrow for #ModernWarfare and #Warzone.Season 3 arrives for Call of Duty: Modern Warfare and Call of Duty: Warzone on 4.8.20.Follow us for all the latest intel:Web: http://www.CallofDuty.com ;Facebook: http://facebook.com/CallofDuty and https://www.facebook.com/InfinityWard/ ;Twitter: http://twitter.com/CallofDuty and https://twitter.com/infinityward;Instagram: http://instagram.com/CallofDuty and https://www.instagram.com/infinityward/"
"qP_wIvitN7w","FINDING OUT I'M PREGNANT AND SURPRISING MY BOYFRIEND","2020-04-07T22:39:19Z","UCCFrAf9Pu5Zw2-WyyPjHd0w","Lena & Adam","22","20.08.04","first pregnancy|pregnant|live pregnancy test|lena|adam22|baby|pregnancy announcement","447226","31885","780","3975","https://i.ytimg.com/vi/qP_wIvitN7w/default.jpg","False","False","We are so excited to finally share with you that we are having a baby! I found out I was pregnant and surprised Adam on valentine's day! Do you think we're having a boy or a girl?LENA'S SOCIALShttps://www.instagram.com/lenatheplughttps://twitter.com/lenatheplughttps://www.instagram.com/lenazeeangel/https://twitter.com/lenazeeangelADAM'S SOCIALShttps://www.instagram.com/adam22/https://www.twitter.com/adam22https://www.snapchat.com/add/adam22hoeTONY CAT :)https://www.instagram.com/iamtonycat/#livepregnancytest #firstpregnancy #pregnant"
"AGNyWTntU0o","Anything You Customize, I'll Pay For Challenge (Giveaway)","2020-04-07T19:29:42Z","UClQubH2NeMmGLTLgNdLBwXg","ZHC","24","20.08.04","zhc|mrbeast|mr beast|challenge|custom|Anything You Customize|I'll Pay For Challenge (Giveaway)|fun|funny|viral|funny videos|customize|hydro dip|iphone 11|iphone 12|ipad pro","2796443","206440","2241","113192","https://i.ytimg.com/vi/AGNyWTntU0o/default.jpg","False","False","I literally paid for anything my friends customize and gave it awayNew plushies - http://turkeybyzhc.com/Hope you enjoyed! Make sure to enter the giveaway! Thanks for watching:)Subscribe, Click on another vid in recommendations, and Follow my socials! Instagram : @ zhcomicartTwitter: @ hsieh_zacharyTikTok: @ zhcyt"
"IzWmf5eU6lM","Kevin Gates - â€œWettyâ€ (Freestyle) (Official Music Video - WSHH Exclusive)","2020-04-06T16:58:17Z","UC-yXuc1__OzjwpsJPlxYUCQ","WORLDSTARHIPHOP","10","20.08.04","worldstarhiphop|world star hip hop|worldstar|world star|wshh|worldstarhiphop youtube|youtube worldstarhiphop|worldstarhiphop music|music worldstarhiphop|worldstar youtube|youtube worldstar|hip hop|hip hop music|rap|rap music|music|music video|exclusive|wshh exclusive|Kevin Gates|wetty freestyle|Kevin Gates wetty freestyle|wetty freestyle Kevin Gates|new song Kevin Gates|Kevin Gates new song|new music Kevin Gates|Kevin Gates new music","1736429","65926","2483","5216","https://i.ytimg.com/vi/IzWmf5eU6lM/default.jpg","False","False","Exclusive WSHH music video for â€œWettyâ€ (Freestyle) by Kevin Gates.Subscribe: http://bit.ly/subWSHH | WSHH Snap Discover: http://bit.ly/worldstarsnapMore exclusive WSHH music videos: https://youtube.com/playlist?list=PLcK0neBMyFxSpYgDfKCsHRwgxlN-Tnt9D&playnext=1&index=2 Wetty (Freestyle) (Prod by AXL Beats) Follow WorldstarHipHop:Website: http://worldstarhiphop.comFacebook: https://facebook.com/worldstarhiphopInstagram: http://instagram.com/worldstarTwitter: https://twitter.com/worldstar Shop Worldstar: http://shop.worldstarhiphop.com Watch more WorldstarHipHop:Newest Videos: https://youtube.com/playlist?list=PLcK0neBMyFxTF85bfUSUXiKiDy_AlNsu2&playnext=1&index=2Music Video Premieres: https://youtube.com/playlist?list=PLcK0neBMyFxSpYgDfKCsHRwgxlN-Tnt9D&playnext=1&index=2Hottest Tracks: https://youtube.com/watch?v=YdrUe_IFSjs&list=PLcK0neBMyFxRCJvtRqACQvs0qmyL-Ee7Q&playnext=1Music Videos by Artist: https://youtube.com/user/WorldStarHipHopTV/playlists?view=50&sort=dd&shelf_id=13Original WSHH Series: https://youtube.com/user/WorldStarHipHopTV/playlists?view=50&sort=dd&shelf_id=11 About WorldstarHipHop:WorldstarHipHop is home to everything entertainment & hip hop. The #1 urban outlet responsible for breaking the latest premiere music videos, exclusive artist content, entertainment stories, celebrity rumors, sports highlights, interviews, comedy skits, rap freestyles, crazy fights, eye candy models, the best viral videos & more.Since 2005, WorldstarHipHop has worked with some of our generation's most groundbreaking artists, athletes & musicians - all who have helped continue to define our unique identity and attitude.We plan on continuing to work with only the best, so keep an eye out for all the exciting new projects / collaborations we plan on dropping in the very near future. #WorldstarHipHop #HipHop #KevinGates"
"FxG-7AsbjeI","Oliver Tree - Let Me Down [Official Music Video]","2020-04-07T16:00:11Z","UCHcb3FQivl6xCRcHC2zjdkQ","Oliver Tree","10","20.08.04","Oliver Tree|Oliver Tree Nickell|All That|Alien Boy|Solo Cup|Jazz Solo|Jazz Solo Cup|Turbo|Turbo Scooter|Bowl Cut|Oliver|Tree|Alternative Music|Alien|Alternative|Memes|Atlantic Records|Monster Truck|Turbo Bowl Cut","1477068","159342","4145","11259","https://i.ytimg.com/vi/FxG-7AsbjeI/default.jpg","False","False","Download/stream: http://olivertree.lnk.to/LetMeDownIDDirector & ASMR Supervisor: Ryan FarberProduced by Enzo MarcProduction Company - Roble Ridge - http://robleridgeproductions.comLyrics: Please don't let me downPlease don't let me downYou better come around You save yourself Iâ€™ll save myself this time around You save yourself Iâ€™ll save you too next time around Iâ€™m not around, I havenâ€™t been here for a whileYou know Iâ€™ll never be back now Please donâ€™t let me down Please donâ€™t let me downYou better come around  I wonâ€™t come around Itâ€™s the same old shit, Iâ€™m getting sick of it Itâ€™s still the same old shit, stop putting up with it Somehow Iâ€™ve seen, youâ€™re someone elseSomehow Iâ€™ve seen, you turned into someone else Please donâ€™t let me downPlease donâ€™t let me downYou better come around  I wonâ€™t come aroundThe official YouTube channel of Atlantic Records artist Oliver Tree.Subscribe for the latest official music videos, official audio videos, performances, behind the scenes and more from Oliver Tree: https://olivertree.lnk.to/Subscribe#OliverTree #LetMeDown #OliverTreeIsOverParty #OfficialVideo #UglyIsBeautiful #OfficialMusicVideo"
"OX8s71TBk8g","Gorillaz | Episode Three 'Aries' | Official Trailer","2020-04-08T15:00:10Z","UCfIXdjDQH9Fau7y99_Orpjw","Gorillaz","1","20.08.04","[none]","313218","40204","151","2567","https://i.ytimg.com/vi/OX8s71TBk8g/default.jpg","False","False","Gorillaz present Song Machine | Season One Episode Three: â€˜Ariesâ€™ ft. Peter Hook & GeorgiaWorld Premiere 09/04 4pm GMThttps://gorill.az/s1ep3Follow your nearest Song Machine https://gorill.az/songmachineHit subscribe now (snooze you lose)Follow Gorillaz: https://instagram.com/gorillaz https://twitter.com/gorillaz https://facebook.com/gorillaz https://gorillaz.com"
"nlmbfw9xWTk","5 Whole Pizzas + Q&A (#TakeoutTuesday ep.2)","2020-04-08T02:42:07Z","UCd1fLoVFooPeWqCEYVUJZqg","Matt Stonie","24","20.08.04","Matt Stonie|Megatoad|Competitive Eating|Food Challenge|Speed Eating|Eating Challenge","1458101","85573","1389","6997","https://i.ytimg.com/vi/nlmbfw9xWTk/default.jpg","False","False","I love pizzaThis week for #TakeoutTuesday the spin wheel chose PIZZA! Ordered 5 from a Mod Pizza near my house, had it delivered, all while #StayingAtHome :)Have any Questions or Ideas for the next episode, please let me know in the comment box below!!#TakeoutTuesday is kinda my attempt to pump the #GreatAmericanTakeout inititive, to help local businesses and resturants keep aflot during these difficult time. If you can, consider ordering some Takeout or Delivery on Tuesday's, and feel free to share your food photos with me on my social accounts!! ENJOY!!!Follow me on Social!FACEBOOK - https://www.facebook.com/mattmegatoadstonieTWITTER - https://www.twitter.com/mattstonieINSTAGRAM - https://www.instagram.com/matt_stonieTWITCH - https://www.twitch.tv/mattstonieMERCH - http://mattstonie.bigcartel.com/Mailing Address:P.O. Box 22210San Jose, CA 95151Credits:Royalty Free  Sounds from Video CoPilot's Design Studios FX CD/DVDexpression by Pold https://soundcloud.com/pold-music Creative Commons â€” Attribution-ShareAlike 3.0 Unported â€” CC BY-SA 3.0 http://creativecommons.org/licenses/b... Music promoted by Audio Library https://youtu.be/7ULmntDsnoEHot Coffee by Ghostrifter Official https://soundcloud.com/ghostrifter-of... Creative Commons â€” Attribution-ShareAlike 3.0 Unported â€” CC BY-SA 3.0 http://creativecommons.org/licenses/b... Music promoted by Audio Library https://youtu.be/Y30VQPGtxOs"
"v5SSnQBtaq4","Backward Hippo","2020-04-07T21:57:37Z","UCVpankR4HtoAVtYnFDUieYA","zefrank1","15","20.08.04","[none]","838661","83095","991","5038","https://i.ytimg.com/vi/v5SSnQBtaq4/default.jpg","False","False","It is my favorite thing. #OPPIHCREDITS:Footage: shutterstock, envato elements, videoblocksmusic: soundcloud.com/querflote"
"OX-Ra4nrVj0","THE DEBUNKATHON","2020-04-08T13:00:00Z","UCEOXxzW2vU0P-0THehuIIeg","Captain Disillusion","24","20.08.04","explanation|debunking|VFX|animation|comedy|film|adventure|superhero|sketpicism|science|paranormal|visual effects|action","418068","72191","325","4276","https://i.ytimg.com/vi/OX-Ra4nrVj0/default.jpg","False","False","Captain Disillusion faces the scariest of all nemeses.Written byAlan Melikdjanian and Samantha KukPlease consider supporting my videos on: http://www.patreon.com/CaptainDisillusionCreative Commons Images:â€¢ Dolly Parton accepting Liseberg Applause Award 2010 - by Curtis Hilbunâ€¢ Dodie Clark You Tour at Brussels La Madeleine - by DancingInSpace(https://www.youtube.com/channel/UCTZ5TmejeEN2nS2HFZ1hzWw/about)"
"KWBY-fsWq4U","Meet My 1 Day Old Kittens!","2020-04-07T21:15:05Z","UCE4hoGDQruxi8_hUqB6tLVw","Joey Graceffa Vlogs","15","20.08.04","joey graceffa|joey graceffa vlogs|joey graceffa youtube|youtube joey graceffa|joey graceffa vlogs youtube|youtube joey graceffa vlogs|pregnant cat|pregnant cat gives birth|foster pregnant cat|cat adoption|kitten rescue|kittens born|newborn kittens|kitten|newborn|baby animals|black cat|black cat gives birth|1 day old kittens|kitten fostering|feeding kitten|kitten birth","626505","41843","617","8512","https://i.ytimg.com/vi/KWBY-fsWq4U/default.jpg","False","False","Meet my 1 day old kittens! OMG what should we name them all?!Watch the birth video here: https://www.youtube.com/watch?v=oeAoc6JkQIY&t=2104sSubscribe: http://bit.ly/JoeyGVlogs | Enable ALL push notifications ğŸ””Watch the NEWEST videos: https://youtube.com/playlist?list=PLiyCaZMKIW1pPB5TnewaiFF5iwye3GMag&playnext=1&index=2Shop NEW Merch: https://joeygraceffa.com/shopFollow Joey Graceffa:Instagram: https://instagram.com/joeygraceffaFacebook: https://facebook.com/JoeyGraceffaTwitter: https://twitter.com/joeyGraceffaMain Channel: http://bit.ly/SubJoeyGGaming Channel: http://bit.ly/JoeyGamingStream Joey Graceffa: Apple: http://bit.ly/JoeyiTunesSpotify: http://bit.ly/JoeyGSpotifyWatch more Joey Graceffa: Puppy First Time: https://youtube.com/playlist?list=PLiyCaZMKIW1pLZDRQtX9vnLQGAveOxf9I&playnext=1Newest Videos: https://youtube.com/playlist?list=PLiyCaZMKIW1pPB5TnewaiFF5iwye3GMag&playnext=1&index=2Most Popular: https://youtube.com/playlist?list=PLiyCaZMKIW1oo0DekumkSIJZMp_wvClhL&playnext=1About Joey Graceffa: Ahh good day everyone! My name is Joey Graceffa and welcome to my official daily vlog YouTube channel where I like to film my daily life with my puppies. You can find videos on my life with puppies, puppy first times, cute puppy moments, and SO much more! Join the family and make sure you are subscribed! I love you, until next time, good damn bye!"
"oilZ1hNZPRM","Zoom Surprise: Some Good News with John Krasinski Ep. 2","2020-04-06T02:46:28Z","UCOe_y6KKvS3PdIfb9q9pGug","SomeGoodNews","22","20.08.04","some good news|somegoodnews|sgn|good news|heartwarming|heartwarming videos|heartwarming stories|john krasinski|emily blunt|mary poppins|mary poppins returns|hamilton|hamilton cast|hamilton original broadway cast|original cast hamilton|lin manuel miranda|leslie odom jr|alexander hamilton|hamilton musical|hamilton live|alexander hamilton live|hamilton surprise performance|hamilton original cast|zoom|zoom surprise|zoom bomb|john krasinski hamilton","8447413","390455","2466","23599","https://i.ytimg.com/vi/oilZ1hNZPRM/default.jpg","False","False","Your host John Krasinski returns to highlight some good news from around the world... and unveil the perfect #Zoom surprise for his new friend Aubrey. Episode 2 of SGN!Got some good news you want to share? Tag us or use the hashtag #SomeGoodNews."
"I_mlT2f3oqY","Hello, New Chateau Houghton! (Empty House Tour)","2020-04-07T17:00:10Z","UCE1FRQFAcRXE5KVp721vo9A","All Things Adrienne","26","20.08.04","Adrienne Houghton|Adrienne Bailon|All Things Adrienne|All Things Adrienne Houghton|Adrienne Houghton Youtube Channel|Adrienne|Kin Community|Lifestyle|How To|tips|Entertainment|Tutorial|interior design tips|israel houghton|home decor|moving|new home|new house|new house tour|new home tour|home renovation|house renovation|vlog|house tour|home tour|house tour 2020|home tour 2020|remodeling|remodeling ideas|remodel ideas|home remodeling|house remodel","991494","40745","1057","4818","https://i.ytimg.com/vi/I_mlT2f3oqY/default.jpg","False","False","In times like these when I find myself feeling lost I like to manifest my future. Things like... How it will feel walking into my powder room. How it will look to watch my nieces run through a bright, fresh kitchen to go play in the pool. The sounds that will come from the room that will one day be my nursery. I hope this video is a fun, optimistic distraction from all the crazy stuff in our world right now. Abrazos y besos to you all. â¤ï¸_SUBSCRIBE: http://bit.ly/AllThingsAdrienne_FOLLOW ALL THINGS ADRIENNE: Facebook: https://facebook.com/AllThingsAdrienneHoughtonInstagram: https://instagram.com/AllThingsAdrienneHoughtonTwitter: https://twitter.com/AllThingsAH _Adrienne Bailon Houghton shares her #HiLow hacks on going glam without breaking the bank! Tips and tricks for mixing high end and inexpensive pieces in all things beauty, fashion, home dÃ©cor, and entertaining. Tune in every Tuesday at 10AM PST to watch. #AllThingsAdrienne Kin Original Series: http://bit.ly/2H6HAbl"
"oGpbcOf7O7E","DIY Rapunzel Dress & Hair!","2020-04-08T00:07:04Z","UCONTNY-QxA-UVtpR7vWW6Pg","Micarah Tewers","24","20.08.04","Rapunzel|rupunzel|rapunzal|repunzel|dress|tangled|diy|braid|hair|wig|sewing|tewers|micarah|makara|disney|princess|funny|bleach|salon|quarentine|rv|creatitive|humor","494006","56073","191","3668","https://i.ytimg.com/vi/oGpbcOf7O7E/default.jpg","False","False","I haven't watched this video all the way through since editing so please ignore every aspect of it. I made this Rapunzel dress from mostly thrifted materials. Be sure to watch my sub-par parody music video after this! https://www.youtube.com/watch?v=PCZpq83f_eMinstagram: micarahtewers"
"hqIbEHNqbPs","FOX IN SOX | Dr. Seuss Raps over Dr. Dre Beats","2020-03-29T04:41:17Z","UCcuLSr4UhAU8Rdegc264srg","Wes Tank","1","20.08.04","DR.|DR. SEUSS|DR. SUESS|DR. DRE|DOCTOR|DOCTOR SEUSS|DOCTOR SUESS|DOCTOR DRE|ANDRE YOUNG|BEATS|BOOKS|CHILDRENS BOOK|FOX|SOX|LITERARY|LITERACY|TONGUE TWISTER","548876","18073","213","526","https://i.ytimg.com/vi/hqIbEHNqbPs/default.jpg","False","False","Wes Tank raps Dr. Seuss' classic children's book Fox in Sox over Dr. Dre's legendary hip hop beats for What's the Difference and Let Me Ride. All words and illustrations belong to Dr. Seuss. All instrumentals belong to Dr. Dre. This song/video was created for educational purposes."
"Ilwip_l6oq0","PS5 Controller: BIGGEST CHANGES","2020-04-08T00:19:10Z","UCNvzD7Z-g64bPXxGzaQaa4g","gameranx","20","20.08.04","ps5 controller|ps5 controller vs ps4 controller|ps5 controller features|ps5 vs ps4 controller|ps5 vs ps4 vs ps3 controller|ps5 controller changes|ps5 controller vibrations|gameranx|jake baldino|ps5 controller pics|ps5 controller battery|ps5 controller weight","1407072","54114","1471","10265","https://i.ytimg.com/vi/Ilwip_l6oq0/default.jpg","False","False","Sony officially revealed the controller for the PlayStation 5, dubbed DualSense. What is it, and what does it mean for the PS5? Let's take a quick look.Subscribe for more: http://youtube.com/gameranxtv"
"0vNesSHhmqQ","Quarantined With My Twin","2020-04-06T19:58:33Z","UCITqR49EAUY8i1vZtXTwe-A","Dolan Twins","23","20.08.04","Dolan|Twins","1971647","146336","1963","10880","https://i.ytimg.com/vi/0vNesSHhmqQ/default.jpg","False","False","Here are some thing we as twins have been doing to keep ourselves entertained during quarantine.. hope you guys are all staying safe :)SUBSCRIBE -  https://www.youtube.com/user/TheDolan...Check out our podcast :) New Podcasts Every Tuesday - https://podcasts.apple.com/us/podcast...https://open.spotify.com/episode/5AcG...Merch - https://dolantwins.comEthanâ€™s StuffINSTAGRAM - https://instagram.com/ethandolan/TWITTER - https://twitter.com/EthanDolanSNAPCHAT - EthanDolanGraysonâ€™s ThingsINSTAGRAM - https://instagram.com/graysondolan/TWITTER - https://twitter.com/GraysonDolanSNAPCHAT - GraysonDolan"
"a5gUds01aXY","BLACKPINK - 'ëšœë‘ëšœë‘ (DDU-DU DDU-DU)' 2019 Coachella Live Performance","2020-04-08T01:00:00Z","UCOmHUn--16B90oW2L6FRR3A","BLACKPINK","10","20.08.04","YG Entertainment|YG|ì™€ì´ì§€|K-pop|BLACKPINK|ë¸”ë™í•‘í¬|ë¸”í•‘|ì œë‹ˆ|ë¡œì œ|ë¦¬ì‚¬|ì§€ìˆ˜|Lisa|Jisoo|Jennie|RosÃ©|BLINK|ë¸”ë§í¬|Coachella LIVE|BLACKPINK Coachella|ë¸”ë™í•‘í¬ ì½”ì²¼ë¼|ì½”ì²¼ë¼|2019 ì½”ì²¼ë¼|2019 Coachella|ëšœë‘ëšœë‘|DDU-DU DDU-DU","2786720","481488","9364","55773","https://i.ytimg.com/vi/a5gUds01aXY/default.jpg","False","False","#BLACKPINK #ë¸”ë™í•‘í¬ #DDU_DU_DDU_DU #ëšœë‘ëšœë‘ #COACHELLA #COACHELLADOC #YOUTUBE #YG"
"wKcUx7OSlB4","#1 RECEIVER IN THE COUNTRY DOES 1ON1â€™s VS NFL PLAYERS!! (ANKLE WARNING)","2020-04-07T22:57:55Z","UC4mLlRa_dezwvytudo9s1sw","Deestroying","24","20.08.04","db wr 1 on 1|deestroying|football|nfl|wide receiver|best catches|best football catches|destroying|1 on 1|exposed|highschool football|7 on 7|one handed catch|nfl highlights|odell beckham|football highlights|highlight tape|deestroying highlights|donald de la haye highlights|antonio brown|dockery|xfl|xfl highlights|friday night lights|last chance high|donald de la haye|kicker|football vines|trash talking|in the hood|#1 ranked","527336","31192","398","2895","https://i.ytimg.com/vi/wKcUx7OSlB4/default.jpg","False","False","The LITTEST 1on1's n all of YouTube! The #1 receiver in the country vs NFL, CFL, and D1 College Football players. SUB TO THE PODCAST : https://www.youtube.com/channel/UCELOuqPdZ0Obi1FhmVr7q7gBECOME A MEMBER ON PATREON : https://www.patreon.com/user?u=33105066NEW MERCH ON THE WAY: http://www.staytentoes.comSUBSCRIBE TO MY CHANNEL: https://www.youtube.com/deestroyingFOLLOW ME ON TWITTER : https://www.twitter.com/deestroyingFOLLOW ME ON IG : https://www.instagram.com/deestroying"
"5F_FYXO5rhY","BlocBoy JB â€œOut Westâ€ Freestyle (Official Video) Shot By @YooAli__","2020-04-07T15:43:16Z","UCpDdVTGPTiF0Vp6ieXWb1Ig","BlocBoy JB","10","20.08.04","yt:cc=on|BlocBoy JB|Freestyle","255867","21587","333","1100","https://i.ytimg.com/vi/5F_FYXO5rhY/default.jpg","False","False",""
"S3FThcgvCYE","Stimulus Check Update This Week - Stimulus Package","2020-04-06T16:00:21Z","UCigUBIf-zt_DA6xyOQtq2WA","ClearValue Tax","27","20.08.04","stimulus check|Stimulus Check|Stimulus check|Stimulus Package|stimulus package|Trump|Trump Adminstration|CARES Act|CARES Act Stimulus|CARES Act Unemployment|forgivable loan|EDL loan|PPP|PPP loan|stimulus loan|stimulus bill|stimulus checks|unemployment rate","2062203","53085","1246","10693","https://i.ytimg.com/vi/S3FThcgvCYE/default.jpg","False","False","This is your stimulus check update to answer your FAQs. This is for the third stimulus package that passed under the Trump Administration. This is the stimulus check under the stimulus bill under the CARES Act.If you would like to set yourself up to receive the stimulus check and you have not filed a tax return, please go here: https://turbotax.intuit.com/stimulus-check/We hope this helps you secure your stimulus check! The third stimulus package was created to offset unemployment and support small businesses. Please see our other videos about forgivable loans with the small business administration and the EDL loan and the Paycheck Protection Program loan which is also known as the PPP loan. These are forgivable loans created by the stimulus bill that are open registration now. Please apply for these and we wish you the very best! ClearValue Tax and affiliates and related parties do not provide tax, legal or accounting advice. This material has been prepared for informational purposes only, and is not intended to provide, and should not be relied on for, tax, legal or accounting advice. You should consult your own tax, legal and accounting advisors before engaging in any transaction."
"i58MNnk6BhY","The Weeknd - Until I Bleed Out (Official Video)","2020-04-07T16:00:31Z","UCF_fDSgPpBQuh1MsUTgIARQ","TheWeekndVEVO","10","20.08.04","The|Weeknd|Until|Bleed|Out|Republic|Records","2028488","169857","2674","8926","https://i.ytimg.com/vi/i58MNnk6BhY/default.jpg","False","False","Official music video by The Weeknd performing Until I Bleed Outâ€“ 'After Hours available everywhere now: http://theweeknd.co/afterhoursYDâ–ºSubscribe to The Weeknd on YouTube: http://theweeknd.co/subscribeYD â–ºGet tickets: https://www.theweeknd.com/tourâ–ºGet exclusive merch: https://shop.theweeknd.com/Directed by XOâ–ºFollow The Weeknd:https://twitter.com/theweeknd https://www.facebook.com/theweeknd https://www.instagram.com/theweeknd https://www.theweeknd.com #TheWeeknd #UntilIBleedOut #AfterHoursMusic video by The Weeknd performing Until I Bleed Out. Â© 2020 The Weeknd XO, Inc., manufactured and marketed by Republic Records, a division of UMG Recordings, Inc.http://vevo.ly/sX4ZEA"
"AEMd4VVJVus","I Bought My Budget Dream Car!","2020-04-08T14:00:04Z","UClqhvGmHcvWL9w3R48t9QXQ","Engineering Explained","2","20.08.04","dream car|new car|buy a car|bought my dream car|acura nsx|supercar|hypercar|engineering explained|used car|mazda mx-5|miata|ford mustang|gt350|jaguar f-type|supercharged|engine|engineering|cars","220914","14873","440","2697","https://i.ytimg.com/vi/AEMd4VVJVus/default.jpg","False","False","New project cars starts now! I bought one of my absolute favorite cars for under $20k. Sponsored by eBay Motors, download the app here! - https://ebayvehicle.com/app/engexplainedSubscribe for new videos every Wednesday! - https://goo.gl/VZstk7I went shopping for an Acura NSX. I found one from 1992 in red; it was absolutely gorgeous, low miles, and had a two-owner clean history. I went for a test drive, and that's where things fell apart. I had in my head how legendary of a car this was, but it unfortunately didn't live up to my expectations. Don't get me wrong, the NSX is quite good. The shifting is absolutely perfect, the torque curve genuinely impressed me for a relatively low powered engine, and the handling was without a doubt quite solid. However the steering and the braking left a lot to be desired, which I was shocked by, considering the manual steering rack. Perhaps I just caught a lemon, but left a bitter taste that turned me away from the car. So to my true love I went, and I absolutely love it. Check out the video for the full breakdown! Don't forget to check out my other pages below!Facebook: http://www.facebook.com/engineeringexplainedOfficial Website: http://www.howdoesacarwork.comTwitter: http://www.twitter.com/jasonfenske13Instagram: http://www.instagram.com/engineeringexplainedCar Throttle: https://www.carthrottle.com/user/engineeringexplainedAmazon: https://www.amazon.com/shop/engineeringexplainedEE Extra: https://www.youtube.com/channel/UCsrY4q8xGPJQbQ8HPQZn6iANEW VIDEO EVERY WEDNESDAY!"
"GVlBR6AXNUM","Sneaking into the New 2020 Faze House...","2020-04-06T21:13:03Z","UCDo9msNItILnyF_Y2eHaNQg","RiceGum","24","20.08.04","faze clan|faze house|new faze house|faze kay|faze adapt|ricegum|gaming|house|house tour|family|vlog|logan paul|jake paul","1085257","65973","6236","4674","https://i.ytimg.com/vi/GVlBR6AXNUM/default.jpg","False","False","GO GET THE NEW MERCH: http://ricegummerch.comStream/DL NEW SONG: https://lnk.to/daadultMy Instagram  http://instagram.com/rice"
"NuMceJ47ajU","One Kiss Got Me The Girl","2020-04-07T19:52:51Z","UCsDmESjqNPukDmVnuneLrqw","It's Alex Clark","1","20.08.04","its alex clark|itsalexclark|alex clark|itsalexclark youtube|youtube itsalexclark|itsalexclark channel|animation|animation channel|animated|animated videos|alex clark youtube|youtube alex clark|alex clark channel|alex clark vlogs|clark cartoons|Alex Clark wife|Alex Clark wife 5|Alex Clark wife 4|Alex Clark pam|pam clark|Alex and pam|first kiss story|first kiss story time|panda|bunny kiss","179566","19519","255","2445","https://i.ytimg.com/vi/NuMceJ47ajU/default.jpg","False","False","One kiss got me everything I ever wanted.... TOUR TIX, HATS, SHIRTS, SKETCHBOOKS + MORE:  http://www.itsalexclark.com/Join our slacker Discord: https://discord.gg/M2myh3DAnimation Team:Jeff: https://jeff-fam.tumblr.comPenny MoralesChris CostelloSOCIAL MEDIA:Facebook: https://facebook.com/itsalexclark/Insta: https://instagram.com/itsalexclark/Twitter: https://twitter.com/itsalexclarkWE MAKE VIDS WITH:Tablets: http://www.itsalexclark.com/huionToon Boom Harmony: https://store.toonboom.com/studentsMusic is from Epidemic (30-Day Free Trial): http://bit.ly/itsalexmusicSpecial Thx to our Biggest Patreon backers:Scott Vincent, Ryan Robertson, Kim Myles, Molly Dowling, Rick Romero, Jordan Nuich, Franchesco Molina"
"-pNBAxx4IRo","How the US' Hospital Ships Work","2020-04-07T17:04:32Z","UC9RM-iSvTu1uPJb8X5yp3EQ","Wendover Productions","27","20.08.04","hospital|ship|usns mercy|usns comfort|hospitals|us navy|navy|military|response|boat|how it works|how hospital ships work|wendover|productions|half as interesting|hai","642439","22633","348","1511","https://i.ytimg.com/vi/-pNBAxx4IRo/default.jpg","False","False","Learn with Skillshare for free for two months by being one of the first 1000 to sign up at http://skl.sh/wendover9Listen to Extremities at http://ExtremitiesPodcast.comBuy a Wendover Productions t-shirt: https://standard.tv/collections/wendover-productions/products/wendover-productions-shirtSubscribe to Half as Interesting (The other channel from Wendover Productions): https://www.youtube.com/halfasinterestingYoutube: http://www.YouTube.com/WendoverProductionsInstagram: http://Instagram.com/sam.from.wendoverTwitter: http://www.Twitter.com/WendoverProSponsorship Enquiries: wendover@standard.tvOther emails: sam@wendover.productionsReddit: http://Reddit.com/r/WendoverProductionsAnimation by Josh SherringtonSound by Graham Haerther (http://www.Haerther.net)Thumbnail by Simon BuckmasterMusic by http://epidemicsound.comSelect footage courtesy the AP ArchiveReferences:[1] https://ihl-databases.icrc.org/applic/ihl/ihl.nsf/Comment.xsp?action=openDocument&documentId=1E5A1F4D6DBD9A08C1258115003C8B8B[2] https://ihl-databases.icrc.org/applic/ihl/ihl.nsf/Comment.xsp?action=openDocument&documentId=94B81A13B60B1175C1258115003E5314[3] https://covid19.healthdata.org/projections[4] https://www.google.com/url?sa=t&rct=j&q=&esrc=s&source=web&cd=1&ved=2ahUKEwj2z5ajzszoAhWHgXIEHf1zD7QQFjAAegQIAxAB&url=https%3A%2F%2Fhealth.mil%2FReference-Center%2FPresentations%2F2018%2F08%2F27%2FUSNS-Mercy&usg=AOvVaw2M4T8Erzhsl8ofMy0qWp5s[5] https://www.militaryfactory.com/ships/detail.asp?ship_id=usns-mercy-t-ah-19-hospital-ship-usn[6] http://ie.technion.ac.il/serveng/Lectures/Hall_Flows_Hospitals_chapter1text.pdf"
"sbEj7M3aZIg","How to Help Your Hospital (Fight COVID-19 Locally) - Smarter Every Day 233","2020-04-07T16:01:32Z","UC6107grRI4m0o2-emgoDnAA","SmarterEveryDay","28","20.08.04","Smarter|Every|Day|Science|Physics|Destin|Sandlin|Education|Math|Smarter Every Day|experiment|nature|demonstration|slow|motion|slow motion|education|math|science|science education|what is science|Physics of|projects|experiments|science projects|Volunteer","373564","27784","479","2046","https://i.ytimg.com/vi/sbEj7M3aZIg/default.jpg","False","False","Check out what we've done and adapt/improve it for your city:http://www.huntsvillefightingcovid.comTake anything we have done and use for team! (Copy forms etc)(Donations Accepted)DISCLAIMER: All designs should be coordinated with your local hospital, and when possible only FDA approved medical products should be used. One danger of 3D printed materials is that if they do not provide protection, the users may put themselves in more dangerous situations with a false sense of security.  Do not make the decision on what products to use, simply make what your medical professionals ask for, and let them make the risk assesment.Click here if you're interested in subscribing: http://bit.ly/Subscribe2SEDâ‡Š  Click below for more links!  â‡Š~~~~~~~~~~~~~~~~~~~~~~~~~~~~GET SMARTER SECTION:Find someone that's gone before you that will help you figure it out!  For me it was Pooch (Alan) at: Operation Shields Up!www.opshieldsup.orgHats off to Joe Prusa's team for figuring out the design!https://www.prusaprinters.org/~~~~~~~~~~~~~~~~~~~~~~~~~~~~Tweet Ideas to me at:http://twitter.com/smartereverydaySmarter Every Day on Facebookhttps://www.facebook.com/SmarterEveryDaySmarter Every Day on Patreonhttp://www.patreon.com/smartereverydaySmarter Every Day On Instagramhttp://www.instagram.com/smartereverydaySmarter Every Day SubReddithttp://www.reddit.com/r/smartereverydayAmbiance, audio and musicy things by: Gordon McGladdery https://www.ashellinthepit.com/http://ashellinthepit.bandcamp.com/If you feel like this video was worth your time and added value to your life, please SHARE THE VIDEO!If you REALLY liked it, feel free to pitch a few dollars Smarter Every Day by becoming a Patron.http://www.patreon.com/smartereverydayWarm Regards,Destin"
"I0rRrXq0Y4Y","Official PS5 Controller Revealed: DualSense - New Design, Mic, Light Bar, Create Button.","2020-04-07T22:17:02Z","UCPUjf6TfExQ-hOn51bklHcw","Mystic","20","20.08.04","PS5|PS5 Controller|PlayStatin 5 Controller|DualSense|Dualshock 5","286311","11739","310","4027","https://i.ytimg.com/vi/I0rRrXq0Y4Y/default.jpg","False","False","Pretty random news drop from Sony today but here it is! The official PlayStation 5 controller, the DualSense! That's right, it's no longer Dualshock, and Sony has laid out all the key details. It's got a new design, a microphone, new light bar, even a 'create' button. Because sharing is for losers apparently. Let's go over everything we learned today about the PS5's new controller. Love it? Hate it? Still the obsession? Love me or hate me, that is the question. (Okay that was a Lady Sovereign reference. I'm sorry.)."
"m-4fuUaC98Y","Ships of Fortune - April 22nd: Official Sea of Thieves Content Update","2020-04-07T21:41:16Z","UCtt2JqBTG-KoBae4F0Ay2tg","Sea of Thieves","20","20.08.04","sea of thieves|sea of thieves anniversary|anniversary update|sea of thieves update|pirates|rare ltd|xbox one|video games|xbox exclusive|pirate game|Kraken|pirate adventure game|xbox game pass|PC game pass|Game Pass ultimate|sea of theives|raised level cap|raised rep rank|more rep|PVP faction|The Reaper's Bones|Emissary system|Arena 2.0|Sea of Thieves reviving","155197","8656","167","1596","https://i.ytimg.com/vi/m-4fuUaC98Y/default.jpg","False","False","The Ships of Fortune update arrives April 22nd and introduces new PvP Trading Company The Reaper's Bones, the rewarding but risky Emissary system, an increased reputation cap for most Trading Companies, crew reviving, Arena 2.0 and, most im-paw-tantly, CATS! ğŸ±Learn more about Sea of Thieves: https://www.seaofthieves.com/Buy the game and forge your own legend: https://www.xbox.com/seaofthievesDive into the Sea of Thieves Forums: https://www.seaofthieves.com/forumFollow Sea of Thieves on Twitter: https://twitter.com/SeaOfThievesLike Sea of Thieves on Facebook: https://www.facebook.com/SeaOfThievesGameWatch Sea of Thieves on Mixer: https://mixer.com/SeaOfThievesTalk Sea of Thieves on Discord: https://discord.gg/seaofthievesXbox Live Gold required to play on Xbox One (sold separately)."
"89kPVHx1qi0","Mo3 - Broken Love (Official Video)","2020-04-06T20:00:00Z","UC_PQ7gGEKIwJv0YsnxH3dUw","HSM","10","20.08.04","Mo3|Dallas|Texas|Rap Music|Badazz|Broken Love|HSM|HSM Music|EMPIRE|Rap|Hip Hop|Dallas Music|Dallas Rap|H$M|H$M Music","454228","26243","488","1058","https://i.ytimg.com/vi/89kPVHx1qi0/default.jpg","False","False","Listen to the single Broken Love. Out now!Stream: https://empire.ffm.to/mo3_brokenlove@Mo3Badazz#Mo3 #BrokenLove #HSMOfficial music video by Mo3 - Broken Love Â© 2020 H$M Music / EMPIRE"
"TF4aDG-ZF5g","Q & A CHALLENGE WITH MY BOYFRIEND!","2020-04-06T22:53:34Z","UC6jgzx2g3nlbaYkd8EMweKA","Jaclyn Hill","26","20.08.04","jaclynhill1|jaclyn hill|makeup tutorial|smokey eye tutorial|contour face|morning routine|how-to|everyday makeup|cat eye makeup|cat makeup|drugstore makeup","665816","39289","1745","5582","https://i.ytimg.com/vi/TF4aDG-ZF5g/default.jpg","False","False","CHECK OUT JORDANS COOKING CHANNEL! â™¡ https://www.youtube.com/channel/UCooKjXi3X-6_n2oTE97iVkwSHOP MY BRAND HERE:https://jaclyncosmetics.com/PURCHASE MY PALETTES & BRUSHES HERE:http://morphebrushes.com/index.php?dispatch=categories.view&category_id=358USE CODE: â€œJACATTACKâ€ FOR A DISCOUNTâ™¡ â™¡ â™¡ CONNECT WITH ME!!!MY PO BOX301 W. Platt St #632 Tampa FL 33606INSTAGRAM:JaclynhillTWITTER:JaclynhillSNAPCHAT:JaclynrhillBusiness inquiries only:Jaclynroxanne.hill@gmail.com(I am no longer booking clients)â™¡ â™¡ â™¡ My channel is a fun place for people to enjoy the world of beauty! If you leave mean negative comments or resort to name calling, I will delete your comment & block you. My channel is not the place. This world is so ugly & negative & we desperately need to make a change. I cant control the world, but I can control my channel. Constructive criticism is always welcome! you're a lying bitch is NOT constructive ! Don't feel like you need to kiss my ass. Feel free to speak your mind but please respect each other! XOXO"
"CqMFEz4fXcI","Grocery delivery is a breeze!","2020-03-31T00:35:59Z","UC701pqb1-HJPS4RMjSmK4Yg","Walmart","27","20.08.04","Grocery delivery|Walmart|groceries","1314237","6391","1788","1545","https://i.ytimg.com/vi/CqMFEz4fXcI/default.jpg","False","False","Get fresh groceries and more with no-contact grocery delivery. Itâ€™s easy! Place your order on http://walmart.com/grocery or in the app. Save Money. Live Better.Subscribe to Walmart on YouTube: http://bit.ly/1tVy1CI  Like Walmart on Facebook: http://on.fb.me/1qS59V6 Follow Walmart on Pinterest: http://bit.ly/1vR6XBY Follow Walmart on Twitter: http://bit.ly/1pMbNfy Follow Walmart on Instagram: http://bit.ly/1FMiiJX"
"EOxj2ROIxok","Megan Thee Stallion - Savage [Lyric Video]","2020-04-06T18:44:16Z","UCKrdjiuS66yXOdEZ_cOD_TA","Megan Thee Stallion","10","20.08.04","Megan Thee Stallion|Houston|Hottie|MTS|stallion|tik tok savage|savage|savage dance|dance tik tok|savage challenge|dance challenge|quarantine dance|savage megan|stallion savage|rap song|megan thee stallion savage suga|savage suga|megan thee stallion savage|savage megan thee stallion|megan thee stallion savage lyric video|savage lyric video|savage tik tok challenge|savage tik tok dance|how to do the savage tik tok|savage tik tok challenge dance","886154","45301","854","1820","https://i.ytimg.com/vi/EOxj2ROIxok/default.jpg","False","False","The official lyric video for Megan Thee Stallion's Savage from 'SUGA' - Out Now!Stream 'SUGA' on all platforms: https://megantheestallion.ffm.to/sugaFollow Megan Thee Stallion:https://www.instagram.com/theestallionhttps://twitter.com/theestallionhttps://www.facebook.com/theestallionnShoutout Keara Wilson for making the dance. Go follow her y'all!https://www.tiktok.com/@keke.janajahhttps://www.instagram.com/queen.kekeeeeAnimator: Gracie Rothey Production Co: dreambear EP: Dave Gelb LYRICSIâ€™m that b*tchBeen that b*tch, still that bitch (ah)Will forever be that b*tch Aye, ahIâ€™m the hood Mona Lisa, break a n*gga into piecesHad to exit cheesy n*ggas out my circle like a pizzaIâ€™m way too exclusive Ion shop on Insta boutiquesAll them lil ass clothes only fit fake bootiesBad bitch, still talking cash sh*tP*ssy like water, I'm unbothered and relaxingI would never trip on a n*gga, if I had himB*tch thatâ€™s my trash, you the maid so you bagged him (ah)I'm a savageClassy, boujee, ratchetSassy, moody, nasty (yeah)Acting stupid, whatâ€™s happeningB*tch, whatâ€™s happeningB*tch, Iâ€™m a savage (yeah)Classy, boujee, ratchetSassy, moody, nasty (yeah)Acting stupid, whatâ€™s happeningB*tch, whatâ€™s happeningAye, AhEat me and record it but your edge up all Iâ€™m showingI keep my n*ggas private, so his ap all Iâ€™m showing  Beefing with you b*tches, really getting kinda boring If it ainâ€™t about the money, then you know Iâ€™m gon ignore itIâ€™m the sh*t, ayeI need a mop to clean the floor, it's too much drip, ohI keep a knot, I keep a watch, I keep a whip, ohLetâ€™s play a game, simon says Iâ€™m still that b*tchAye, Iâ€™m still that b*tchI'm a savageClassy, boujie, ratchetSassy, mood, nasty (yeah)Acting stupid, whatâ€™s happeningB*tch, whatâ€™s happeningB*tch, Iâ€™m a savage (yeah)Classy, boujie, ratchetSassy, mood, nasty (yeah)Acting stupid, whatâ€™s happeningB*tch, whatâ€™s happeningAye, AhB*tch  Iâ€™m lit like a match, ohAnd any n*gga I hit is still attatched, ohThat body right, but you know this pussy fat, ohI drop a picture, and now these b*tches feel attacked, ayeDon't let that n*gga gas you up and get you wackedI make a call and get a p*ssy n*gga smacked ohThese b*tches talking about pulling up, then where you at? ohIâ€™m in the lam b*tch catch me if you can, oh Iâ€™m kicking b*tches out they spot Stalli-Chan, ahN*ggas say I taste like sugar, but ainâ€™t shit sweet, ah, muah--#MeganTheeStallion #Savage #SUGA #LyricVideoÂ© 2020 1501 Certified Ent LLC under exclusive license to 300 Entertainment"
"Z0gXZS9XcBM","Apex Legends â€“ The Old Ways Event Trailer","2020-04-06T15:00:29Z","UC0ZV6M2THA81QT9hrVWJG3A","Apex Legends","20","20.08.04","Apex Legends|Apex|Apex Legends event|Apex Legends new event|Bloodhound|Apex Legends Season 4|Apex Legends Stories From the Outlands|The Old Ways Event|Old Ways Gameplay|Apex Legends Battle Pass|Season 4 Battle Pass|Apex Legends new season|Apex Legends game|Respawn Apex Legends|ps4|Xbox|PC|Origin|Battle Royale game|Battle Royale|Battle Royale shooter|squad play|multiplayer shooter|Respawn Entertainment|Electronic Arts|Titanfall 2|EA|Respawn","2491176","104979","1515","8715","https://i.ytimg.com/vi/Z0gXZS9XcBM/default.jpg","False","False","Prepare to discover the Old Ways. Prove yourself before the gods in the new Town Takeover: Bloodhoundâ€™s Trials. Test your strength against the hoard of prowlers stalking the temple. Survive, and you will be richly rewarded. Master daily challenges to earn exclusive items. And should you desire to return to older modes and Arenas, you can now find Kings Canyon and Duos in the main menu. Are you ready to follow Bloodhoundâ€™s path and earn the favor of the Allfather? Apex Legendsâ„¢ is a free-to-play battle royale game where legendary characters battle for glory, fame, and fortune on the fringes of the Frontier. Play for free now on Xbox One, PlayStation 4, and Origin for PC: http://x.ea.com/57366. Learn more about The Old Ways Event: https://www.ea.com/games/apex-legends/news/the-old-ways Check out our YouTube channel: http://x.ea.com/56710.Follow us on Twitter: https://twitter.com/playapex.Follow us on Instagram: https://www.instagram.com/playapex/."
"Za0wYuJYKg0","Everything Wrong With Cloudy With A Chance of Meatballs","2020-04-07T15:45:18Z","UCYUQQgogVeQY8cMQamhHJcg","CinemaSins","1","20.08.04","wave jockey job|everything wrong with|cinemasins|cinema sins|eww|cloudy with a chance of meatballs|eww cloudy with a chance of meatballs|everything wrong with cloudy with a chance of meatballs|cinemasins cloudy with a chance of meatball|cloudy|chance of meatballs|movie|movie review|review|bill hader|bill hader cloudy with a chance of meatballs|animation|animated movies|sony|sony animated movies|andy samberg|ana faris|cloudy with achance of meatballs","682502","31547","725","3162","https://i.ytimg.com/vi/Za0wYuJYKg0/default.jpg","False","False","Here's a fun animated movie that most people seemed to enjoy. So let's nitpick it for sins!! Thursday: technically comic book sins.Remember, no movie is without sin! Which movie's sins should we expose next?!Patreon: https://www.patreon.com/CinemaSins Podcast: https://soundcloud.com/cinemasins TVSins: https://www.youtube.com/channel/UCe4bOvc1mYxFcQ5xPb9Zmow MusicVideoSins: https://www.youtube.com/channel/UCUBq8oBRVTsMpjWiHfjJpDw Twitters...Jeremy: http://twitter.com/cinemasins Barrett: http://twitter.com/musicvideosins Aaron: http://twitter.com/aarondicer Jonathan: http://twitter.com/samloomis13 Denee: http://twitter.com/deneesaysMerch: https://teespring.com/stores/cinemasins-storeSubreddit: http://reddit.com/r/cinemasins Website: http://cinemasins.com SinCast Facebook page: https://www.facebook.com/SinCastCinemaSins#CinemaSins#EverythingWrongWith#CloudyWithAChance"
"boR8GnRxLxA","Swapping Outfits WITH MY SISTER!! | Louie's Life","2020-04-06T22:30:08Z","UCZDdF_p-L88NWVpzF0vjvMQ","Louie's Life","24","20.08.04","Louies Life|Louie Castro|Louie|Castro|The Baddest Perra|Baddest Perra|louiecasttro|casttro|LouieCastro|Swapping Outfits With My Sister|outfits|swapping|swapping outfits|swapping clothes with my sister|swapping clothes|swapping clothing outfits|clothing|clothes|funny|swapping clothes challenge|challenge|clothes challenge|switching clothes with my sister|RCLBeauty|RCLBeauty swapping clothes|RCLBeauty swapping outfits|yoatzi|castro sisters|siblings|chistoso|latino","724753","52376","853","2469","https://i.ytimg.com/vi/boR8GnRxLxA/default.jpg","False","False","After binge watching RCLBeauty's swapping outfit videos, I wanted to film one with my sister. I thought this swapping outfits with my sister video would be such a fun and funny video to film since we both have very different taste in clothing. We gathered a few clothing items and swapped them to see how we would look wearing each other's clothes. I literally could not stop laughing throughout this whole swapping clothes with my sister challenge. I hope you guys got some good laughs!!â€”â€”â€”â€”â€”â€”â€”â€”â€”â€”â€”â€”â€”â€”â€”â€”â€”â€”â€”â€”â€”â€”â€”â€”â€”â€”â€”My Sisterâ€™s Channel:https://www.youtube.com/channel/UCqls08lc29RNv0JNqnOJwWAâ€”â€”â€”â€”â€”â€”â€”â€”â€”â€”â€”â€”â€”â€”â€”â€”â€”â€”â€”â€”â€”â€”â€”â€”â€”â€”â€”Watch my previous videos:-Trying to Speak ONLY SPANISH for a WHOLE VIDEO!!:https://youtu.be/c6wgIAlANig-Catfishing HOMBRES GONE WRONG!!! Pt. 2 https://youtu.be/zQ8AQExwg2o-Taking My HOMBRE TO DISNEYLAND!!https://youtu.be/XdQvLORLwB4â€”â€”â€”â€”â€”â€”â€”â€”â€”â€”â€”â€”â€”â€”â€”â€”â€”â€”â€”â€”â€”â€”â€”â€”â€”â€”â€”Social Media:Instagram: @louiecasttroTwitter: @louiecasttroSnapchat: thehamielouieâ€”â€”â€”â€”â€”â€”â€”â€”â€”â€”â€”â€”â€”â€”â€”â€”â€”â€”â€”â€”â€”â€”â€”â€”â€”â€”â€”Business Email: louiecasttro@yahoo.comâ€”â€”â€”â€”â€”â€”â€”â€”â€”â€”â€”â€”â€”â€”â€”â€”â€”â€”â€”â€”â€”â€”â€”â€”â€”â€”â€”Banner Was Created by @melissaperaza on Instagram! â€”â€”â€”â€”â€”â€”â€”â€”â€”â€”â€”â€”â€”â€”â€”â€”â€”â€”â€”â€”â€”â€”â€”â€”â€”â€”â€”LOVE YOU PERRAS!"
"om3n2ni8luE","(ì—¬ì)ì•„ì´ë“¤((G)I-DLE) - 'Oh my god' Official Music Video","2020-04-06T09:00:01Z","UCritGVo7pLJLUS8wEu32vow","(G)I-DLE (ì—¬ì)ì•„ì´ë“¤ (Official YouTube Channel)","10","20.08.04","kpop|gidle|(ì—¬ì)ì•„ì´ë“¤|(G)I-DLE|IDLE|ì—¬ìì•„ì´ë“¤|ì•„ì´ë“¤|ë¯¸ì—°|ë¯¼ë‹ˆ|ìˆ˜ì§„|ì†Œì—°|ìš°ê¸°|ìŠˆí™”|MIYEON|MINNIE|SOOJIN|SOYEON|YUQI|SHUHUA|íë¸Œ|CUBE|ohmygod|ì˜¤ë§ˆì´ê°“|OMG|ì—¬ìì•„ì´ë“¤ì˜¤ë§ˆì´ê°“|ì˜¤ë§ˆì´ê°“ë®¤ë¹„|ohmygodmv|ë®¤ì§ë¹„ë””ì˜¤|MV|ì•„ì´ë“¤ì˜¤ë§ˆì´ê°“","37882889","1047423","30197","104689","https://i.ytimg.com/vi/om3n2ni8luE/default.jpg","False","False","(ì—¬ì)ì•„ì´ë“¤((G)I-DLE) - 'Oh my god' Official Music VideoComposed by ì†Œì—°, ë¹…ì‹¼ì´ˆ(Yummy Tone)Lyrics by ì†Œì—°Arranged by ë¹…ì‹¼ì´ˆ(Yummy Tone), ì†Œì—°âœ” YT Music: https://bit.ly/2XhNCkbâœ” Apple Music: https://apple.co/2UKZdqfâœ” Spotify: https://spoti.fi/2wlJC7kâœ” Melon: https://bit.ly/2xVV61uâ€˜ê±°ë¶€â€™, â€˜í˜¼ë€â€™, â€˜ì¸ì •â€™, â€˜ë‹¹ë‹¹í•¨â€™ì˜ ê°ì •ì„ ê²ªìœ¼ë©° í˜„ì‹¤ê³¼ì˜ ë¶€ë”ªì¹¨ì„ í†µí•´ ë‚˜ ìì‹ ì„ ë¯¿ì–´ì•¼ í•œë‹¤ëŠ” ê²ƒì„ ê¹¨ë‹«ê²Œ ëœë‹¤. ë‚˜ëŠ” ë‚˜ë¥¼ ë¯¿ëŠ”ë‹¤(I trust). ë‚˜ ìì‹ ì„ ë¯¿ëŠ”ë‹¤ëŠ” ê²ƒë§Œìœ¼ë¡œë„ ë‚˜ëŠ” ë‹¹ë‹¹í•´ì§ˆ ìˆ˜ ìˆë‹¤.'ë‚˜ëŠ” ë‚˜ë¥¼ ë¯¿ëŠ”ë‹¤'ë¼ëŠ” ì£¼ì œë¡œ ì‹œì‘ëœ íƒ€ì´í‹€ê³¡ â€˜Oh my godâ€™ì€ ê³¡ì˜ ì „ê°œë§ˆë‹¤ ë³€í™”ë˜ëŠ” ê³¼ê°í•œ ë¦¬ë“¬ ì²´ì¸ì§€ê°€ ë‹ë³´ì´ëŠ” Urban Hiphop ì¥ë¥´ì˜ ê³¡ì´ë‹¤. ë¹ˆí‹°ì§€í•œ í”¼ì•„ë…¸ ì†Œë¦¬ì™€ 808ë² ì´ìŠ¤ê°€ ì´ëŒì–´ê°€ëŠ” ëª½í™˜ì ì¸ ë¶„ìœ„ê¸° ê·¸ë¦¬ê³  ê°•ë ¬í•œ ì‚¬ìš´ë“œê°€ ì¸ìƒì ì´ë©°, ì˜¤ì§ (ì—¬ì)ì•„ì´ë“¤ë§Œì´ í‘œí˜„í•  ìˆ˜ ìˆëŠ” ê³¡ì´ë‹¤.Going through â€œdenial,â€ â€œconfusion,â€ â€œacceptance,â€ and â€œconfidenceâ€ and colliding with reality makes you realize that you have to believe in yourself. I trust myself (I trust). I can be confident just by believing in myself.The title track â€œOh my godâ€ started from having a theme of â€œself-trust.â€ It is an Urban Hiphop track in which the stark differences in rhythm that correspond to the atmospheric changes within the song stand out. The fantasy-like mood and the bold sound led by a vintage piano sound and an 808bass are impressive. This track is something only (G)I-DLE can perform.(ì—¬ì)ì•„ì´ë“¤((G)I-DLE) ë¯¸ë‹ˆ3ì§‘ [I trust]Release on 2020.04.06. 18:00 (KST)(G)I-DLE Official YouTube: http://www.youtube.com/gidleofficial(G)I-DLE Official Twitter: https://twitter.com/G_I_DLE(G)I-DLE Official Facebook: https://facebook.com/G.I.DLE.CUBE(G)I-DLE Official Instagram: https://instagram.com/official_g_i_dle(G)I-DLE Official Fansite: http://cafe.daum.net/cube-g-i-dle(G)I-DLE Official Weibo: http://weibo.com/cubegidleâ“’ All Rights Reserved CUBE Entertainment Inc.#ì—¬ìì•„ì´ë“¤ #GIDLE #Ohmygod"
"Ny9VnKfNh8E","Live: NYC Mayor Bill De Blasio Holds Coronavirus Briefing | NBC News","2020-04-08T15:45:12Z","UCeY0bbntWzzVIaj2z3QigXg","NBC News","25","20.08.04","nbc news|nbc|nbc news live|live stream|cuomo|andrew cuomo|governor cuomo|new york governor|governor|coronavirus cuomo|coronavirus|coronavirus update|coronavirus us|coronavirus news|coronavirus latest news|coronavirus symptoms|cdc|center for disease control|symptoms|virus protection|outbreak|coronavirus outbreak|COVID-19|pandemic|coronavirus pandemic|coronavirus prevention|coronavirus explained|covid-19 news|covid-19 updates|covid-19 outbreak|corona","230651","696","289","103","https://i.ytimg.com/vi/Ny9VnKfNh8E/default.jpg","False","False","Watch coronavirus livestream coverage of the outbreak as COVID-19 spreads, impacting markets and daily life across the U.S. and abroad.Â» Subscribe to NBC News: http://nbcnews.to/SubscribeToNBCÂ» Watch more NBC video: http://bit.ly/MoreNBCNewsNBC News Digital is a collection of innovative and powerful news brands that deliver compelling, diverse and engaging news stories. NBC News Digital features NBCNews.com, MSNBC.com, TODAY.com, Nightly News, Meet the Press, Dateline, and the existing apps and digital extensions of these respective properties.  We deliver the best in breaking news, live video coverage, original journalism and segments from your favorite NBC News Shows.Connect with NBC News Online!NBC News App: https://apps.nbcnews.com/mobileBreaking News Alerts: https://link.nbcnews.com/join/5cj/breaking-news-signup?cid=sm_npd_nn_yt_bn-clip_190621Visit NBCNews.Com: http://nbcnews.to/ReadNBCFind NBC News on Facebook: http://nbcnews.to/LikeNBCFollow NBC News on Twitter: http://nbcnews.to/FollowNBCFollow NBC News on Instagram: http://nbcnews.to/InstaNBCLive: NYC Mayor Bill De Blasio Holds Coronavirus Briefing | NBC News"
"BxV14h0kFs0","This Video Has 5,508,497 Views","2020-04-06T15:00:07Z","UCBa659QWEk1AI4Tg--mrJ2A","Tom Scott","27","20.08.04","tom scott|tomscott|api|coding|application programming interface|data api","5508497","392769","3966","36638","https://i.ytimg.com/vi/BxV14h0kFs0/default.jpg","False","False","The title of this video should change with the times. But nothing lasts forever: here's the story of how I made it work, why it used to be easier to make that work, and how it all ties in to the White Cliffs of Dover and the end of the universe.Edited by Michelle Martin: https://twitter.com/mrsmmartinIncludes an accelerated section of Traduction automatique des flux d'information (Yahoo Pipes IV) by Laurent Moccozet, which is licensed under CC-by: https://www.youtube.com/watch?v=9m4oxwPw7bY - the remainder of this video does not fall under that license.I'm at https://tomscott.comon Twitter at https://twitter.com/tomscotton Facebook at https://facebook.com/tomscottand on Instagram as tomscottgo"
"qf5i48TyMig","Bazzi - Renee's Song [Official Music Video]","2020-04-07T19:00:10Z","UCKI6DNZu8-X5VWI0FEEYCTA","Bazzi","10","20.08.04","bazzi|andrew bazzi|mine|beautiful|cosmic|you're so fucking precious|you so fucking precious when you smile|bazzi music|bazzi mine|bazzi beautiful|bazzi young & alive|bazzi young and alive|bazzi renee's song|renee's song|renees song|bazzi myself|music video|official video|bazzi girlfriend song|pop|pop music|love song|anniversary song|renee's song video|renee's song official video|renee's song music video","316738","42369","343","1608","https://i.ytimg.com/vi/qf5i48TyMig/default.jpg","False","False","Download/Stream Renee's Song: https://Bazzi.lnk.to/ReneesSongIDDirected by Bazzi & ReneeDownload/Stream Young & Alive: https://bazzi.lnk.to/YoungAliveIDSubscribe for more official content from Bazzi: https://Bazzi.lnk.to/SubscribeFollow Bazzihttps://facebook.com/BazziWorldwidehttps://instagram.com/bazzihttps://twitter.com/bazzihttps://soundcloud.com/bazziworldwidehttp://bazziofficial.com#Bazzi #ReneesSong #Official Video"
"JAKHZerZ2jM","Honest Trailers | Birds of Prey","2020-04-07T17:00:07Z","UCOpcACMWblDls9Z6GERVi1A","Screen Junkies","1","20.08.04","fandom|screenjunkies|screen junkies|honest trailers|honest trailer|birds of prey|harley quinn|birds of prey review|birds of prey reaction|birds of prey trailer|honest trailers birds of prey","1025885","39899","1171","3523","https://i.ytimg.com/vi/JAKHZerZ2jM/default.jpg","False","False","Donate to Direct Relief â–ºâ–ºhttps://www.directrelief.org/emergency/coronavirus-outbreak/Presented by Fandomâ–ºâ–ºSubscribe to ScreenJunkies!â–ºâ–º https://fandom.link/SJSubscribeHonest Trailers | Birds of PreyVoice Narration: Jon Bailey aka Epic Voice GuyWritten by: Spencer Gilbert, Joe Starr, Dan Murrell, Danielle Radford & Lon HarrisProduced by: Spencer Gilbert, Joe Starr, Dan Murrell, & Max DionneEdited by: Kevin WilliamsenPost-Production Supervisor: Emin BassavandProduction Coordinator: Ryan OToole#HonestTrailers"
"zobFuAcisKE","PS5 Controller (DualSense) Revealed, And... Woah","2020-04-07T23:21:23Z","UCT6iAerLNE-0J1S_E97UAuQ","YongYea","20","20.08.04","playstation 5|ps5|playstation 5 controller|dualsense|ps5 controller","337885","17193","670","6097","https://i.ytimg.com/vi/zobFuAcisKE/default.jpg","False","False","SOURCE 1: https://twitter.com/PlayStation/status/1247615732961050625SOURCE 2: https://blog.us.playstation.com/2020/04/07/introducing-dualsense-the-new-wireless-game-controller-for-playstation-5/http://www.patreon.com/yongyeahttp://www.twitter.com/yongyeaTOP PATRONS[CIPHER] - Nem3sis[BIG BOSS] - Brin - January - Phil - UAE-Mohammed - Vin Giorgio[BOSS] - Alex Moretti - Charlie Galvin - Devon M Burgess - Joe Hunt - Jonathan Ball - Michael Redmond - Shepard Gaming - Time Dragonlord[LEGENDARY] - Abdulaziz al Senaidi - BattleBladeWar - Gerardo Andrade - Lex Henry - Mark Taylor - Prismat Dragoon - Theron Webb - Yue"
"WfkbQqqCvco","Justin Gaethje on Tony Ferguson Fight at UFC 249, 'I'm Facing My Fears' | TMZ Sports","2020-04-07T13:45:17Z","UCE3yf1AcIlXdps2EYbq3lzw","TMZSports","17","20.08.04","TMZ|TMZ Sports|TMZ Sports Channel|Celebrity|Sports|Athletes|TMZ News|Famous|Hall of Fame|Sports News|ufc|ufc 249|ufc fight|ufc Justin Gaethje|justin gaethje|justin gaethje highlights|justin gaethje interview|justin gaethje vs|justin gaethje wrestling|Justin Gaethje interview|tony ferguson|dana white|tmz|tmz sports","311927","6829","202","2606","https://i.ytimg.com/vi/WfkbQqqCvco/default.jpg","False","False","UFC star Justin Gaethje says he's both excited and terrified about fighting Tony Ferguson at UFC 249 ... saying, Iâ€™m facing my fears right now and I think thatâ€™s what we all need to do.SUBSCRIBE -- http://tmz.me/j0hSW37About TMZ Sports:Some of the best stories in sports have been off the field and weâ€™re reporting on athletes from NFL, NBA, UFC, WWE, MLB and more!  Subscribe to TMZ Sports on YouTube for the latest news, exclusive interviews, clips from TMZ Sports on FS1 and videos of your favorite athletes and celebs. Need More TMZ?TMZ Sports Website: http://tmz.me/jMBERbbLIKE TMZ on Facebook! http://tmz.me/9sGB00aFOLLOW TMZ on Twitter! http://tmz.me/9LeeNWQFOLLOW TMZ on Instagram! http://tmz.me/ep7d8BnTMZ on TV & TMZ Sports on FS1 Tune In Info: http://tmz.me/ccuirUZTMZ is on iOS! http://tmz.me/ecOjgiHTMZ is on Android! http://tmz.me/pkwieRAGot a Tip?Contact TMZ: http://tmz.me/UsxYCvECheck out TMZ, TMZ Live, and toofab!TMZ: http://tmz.me/fPrTwZtSubscribe! TMZ: http://tmz.me/wONe5NOTMZ Live: http://tmz.me/GxCXCflSubscribe! TMZ Live: http://tmz.me/cLxA82pToofab: http://tmz.me/dsXztnsSubscribe! toofab: http://tmz.me/VeVLMmihttps://www.youtube.com/c/tmzsports"
"m8xx6BOvqlY","You Drink you Lose! | Spicy Wing Challenge!!","2020-04-07T20:16:00Z","UCaRH3rDr3K3CEfhVqu5mgUQ","Team Edge","23","20.08.04","team edge|team edge challenge|teamedge|challenges|competition|giant games|battle|spicy|hot wings|flaming hot|trivia|mystery food|trivia challenge|hot ones|hot sauce","522125","23627","386","1891","https://i.ytimg.com/vi/m8xx6BOvqlY/default.jpg","False","False","Hey guys! In this video, we battle our brains in a spicy trivia challenge!! If you get a question wrong, you have to eat an insanely spicy wing! Whoever grabs the mild first loses!Team Edge Merchandise! â¡ https://teamedge.store/collections/best-sellersGIANT Golf Cart Soccer Challenge!! â¡ https://www.youtube.com/watch?v=UBrJceSglqcğŸ”½MORE LINKS BELOW ğŸ”½Subscribe To Team Edge! â¡ https://www.youtube.com/channel/UCaRH3rDr3K3CEfhVqu5mgUQMore Team Edge Challenge Videos! Season 1 Challenges! â¡ https://www.youtube.com/playlist?list=PLdU_QLI5aP--e4DyT2Cler5W1PpKLWwQ_Season 2 Challenges! â¡ https://www.youtube.com/playlist?list=PLdU_QLI5aP--2XBT-sdKQtkQjyHT3TxgtJ-Fred â¡ https://www.instagram.com/itsjfred/?hl=enBryan â¡ https://www.youtube.com/playlist?list=PLZPssQhdLX_8JS7ohhNNrkrBpTdgJHB1B&disable_polymer=trueOn this channel, you'll see a bunch of family friendly, kid friendly fun challenges, board games, toys, bottle flipping, giant sports, gross food tasting, messy challenges, nerf challenges, and more!Mail Box:24307 Magic Mtn Pkwy #211Valencia, CA 91355Twitter â¡ https://goo.gl/rbKKmGInstagram  â¡ https://instagram.com/itsteamedge/Challenges â¡ Tuesday - FridayBuisness Inquiries: inquiries@teamedgegames.com"
"aYtVJ7gYIWw","Black Clover - Opening 11 (HD)","2020-04-07T10:35:51Z","UCf2L21tpe1P-Y4QjOXkCIvQ","Crunchyroll FR","24","20.08.04","black clover|op 11|opening 11|black clover op 11|black clover opening 11|Stories|Snow Man|ãƒ–ãƒ©ãƒƒã‚¯ã‚¯ãƒ­ãƒ¼ãƒãƒ¼|vostfr|ep 129|episode 129|asta|yuki tabata|yuno|heart|kingdom|elfe|elfe noir|black efle|anime|anime full episode|anime highlights|anime op|anime opening|anime preview|anime trailer|crunchyroll|manga","307709","14146","290","1930","https://i.ytimg.com/vi/aYtVJ7gYIWw/default.jpg","False","False","Black Clover - Opening 11: Stories by Snow ManğŸ‘‰ Opening 1 : https://youtu.be/zW1v0QBqTOs ğŸ‘‰ Opening 2 : https://youtu.be/e_tjkZ8GzFQ ğŸ‘‰ Opening 3 : https://youtu.be/dsK8SsfqdHE ğŸ‘‰ Opening 4 : https://youtu.be/cK9Z9Zcuso0 ğŸ‘‰ Opening 5 : https://youtu.be/YqmulhQcpUs ğŸ‘‰ Opening 6 : https://youtu.be/_qaIika-QDU ğŸ‘‰ Opening 7 : https://youtu.be/X_fkh5VeOvI ğŸ‘‰ Opening 8 : https://youtu.be/Mb6TiHLMPEo ğŸ‘‰ Opening 9 : https://youtu.be/jYUQ1Px3zPAğŸ‘‰ Opening 10 : https://youtu.be/4evV8Fr5A8UğŸ‘‰ Anime : Black Clover ğŸ“º OÃ¹ regarder : http://got.cr/black--clover Dans un monde rÃ©gi par la magie, Yuno et Asta ont grandi ensemble avec un seul but en tÃªte : devenir le prochain Empereur-Mage du royaume de Clover. Mais si le premier est naturellement douÃ©, le deuxiÃ¨me, quant Ã  lui, ne sait pas manipuler la magie. C'est ainsi que lors de la cÃ©rÃ©monie d'attribution de leur grimoire, Yuno reÃ§oit le lÃ©gendaire grimoire au trÃ¨fle Ã  quatre feuilles tandis qu'Asta, lui, repart bredouille. Or, plus tard, un ancien et mystÃ©rieux ouvrage noir dÃ©corÃ© d'un trÃ¨fle Ã  cinq feuilles surgit devant lui ! Un grimoire dâ€™anti-magieâ€¦ Retrouvez sur ğŸŒŸ https://www.crunchyroll.com les derniers animÃ©s lÃ©galement en HD sur votre TV, PC ou console une heure aprÃ¨s la diffusion japonaise ou gratuitement 7 jours aprÃ¨s leur mise en ligne.FACEBOOK : https://www.facebook.com/crunchyroll.frTWITTER : https://twitter.com/Crunchyroll_frINSTAGRAM : https://www.instagram.com/crunchyroll_frYOUTUBE : https://www.youtube.com/c/CrunchyrollFR"
"jFMOb8H3xeQ","YoungBoy Never Broke Again - AI Nash (Dir. by @_ColeBennett_)","2020-04-04T20:50:01Z","UCtylTUUVIGY_i5afsQYeBZA","Lyrical Lemonade","24","20.08.04","NBA Youngboy|Youngboy Never Broke Again|AI Youngboy|Steve Nash|Nash|Racks In The Back|Music Video|New|2020|Lyrical Lemonade|Cole Bennett|Chicago|Kayo|make no sense|lil top|Self control|Uncharted Love|Ten Talk|Red Eye|Bad Bad|Rap|Hip Hop|Skeleton|Skull|Still Flexin Still Steppin|AI Nash|Al Nash","6310021","315314","12313","21013","https://i.ytimg.com/vi/jFMOb8H3xeQ/default.jpg","False","False","Lyrical Lemonade Presents:Youngboy Never Broke Again - AI Nash (Official Music Video)Directed + Edited by Cole Bennett3D by KAYODirector of Photography - Cole BennettEx. Produced by Sal TarantinoStream/Download:https://youngboy.lnk.to/AINashYoungboy Never Broke Again's Socials:http://instagram.com/nba_youngboyhttp://twitter.com/GGYOUNGBOY--Official Channel of Lyrical Lemonade Subscribe for updates on music videos, interviews, performance videos, etc.Lyrical Lemonade's Hot 25 Spotify Playlist:https://open.spotify.com/user/gh3vdz775oy18ah1wp9ucxsj5/playlist/5UuPeWDR2I8a8pORvW9vmrLyrical Lemonade Socials:http://www.twitter.com/lyricalemonadehttp://www.instagram.com/lyricalemonadehttp://www.facebook.com/lyricalemonadehttp://www.lyricallemonade.comCole Bennett Socials:http://www.twitter.com/_colebennett_http://www.instagram.com/_colebennett_LENNY ~ our hidden character representing happiness & good energyhttp://instagram.com/lenny"
"hOA6WrarZEQ","Twin-Turbo Jet Boat Rips the Water! Finnegan's Garage Ep.96","2020-04-06T21:41:05Z","UC1IdPylqngGiuHFLJqHbG_g","Finnegan's Garage","2","20.08.04","[none]","566478","12512","325","1379","https://i.ytimg.com/vi/hOA6WrarZEQ/default.jpg","False","False","Our fourth lake test was a success! After troubleshooting the ignition and fuel systems that plagued our last test session, we finally got to rip across the water at 90 mph and there's plenty of speed left in this beast once we get the air/fuel mixture tuned perfectly and stop the turbos from trying to melt the fiberglass boat hull. This video has lots of tips about troubleshooting V8 engines and it ends with us having the time of our lives in Game Over, our twin-turbo jet boat. Note: I live at the lake and nobody was near me when we tested the jet boat. We are staying away from people just like you are, I just happen to be fortunate enough to live in a rural part of Georgia. Anyway, thanks for watching and for liking and commenting on this video. We'll be back soon with another one!If you'd like more information about the ultrasonic parts washer that we used on the spark plugs in this video then go here: https://ultrasonicllc.com/machines/ultra-1300mGame Over is a 2017 Peterson Placecraft fiberglass Jet Boat hullIt's powered by an aluminum 711ci Sonny Leonard Hemi with twin Precision 88mm turbochargers. It features CP pistons, Carrillo connecting rods and a Bullet camshaft. T&D shaft rockers and Manley valves and springs are in the heads. The engine and boat is wired completely using Wirecare.com and Techflex products. It runs on 118 octane Rockett Brand racing fuel. The efi is from Holley, the ignition is MSD and the jet drive is a Dominator pump built by B1 Racing. I welded the headers from a kit by Stainlessheaders.com. -Finnegan"
"6y4DzsRCEbk","Members of the Coronavirus Task Force Hold a Press Briefing | TIME","2020-04-07T00:30:10Z","UC8Su5vZCXWRag13H53zWVwA","TIME","25","20.08.04","covid-19|trump|white house|president trump|health|healthcare|public health|social distancing|news|politics|Donald trump|fauci|time|time magazine|today|coronavirus|coronavirus task force|virus|government|CDC|live|science|disease|epidemic|pandemic|U.S.|world|breaking news","749058","3164","1672","1246","https://i.ytimg.com/vi/6y4DzsRCEbk/default.jpg","False","False","Members of the Coronavirus Task Force hold a press briefing at the start of what President Trump described April 6 as  the â€œtoughest weekâ€ of the pandemic.Subscribe to TIME â–ºâ–º http://bit.ly/SubscribeTIME Get closer to the world of entertainment and celebrity news as TIME gives you access and insight on the people who make what you watch, read and share.https://www.youtube.com/playlist?list=PL2EFFA5DB900C633F  Find out more about the latest developments in science and technology as TIMEâ€™s access brings you to the ideas and people changing our world.https://www.youtube.com/playlist?list=PLYOGLpQQfhNIzsgcwqhT6ctKOfHfyuaL3 Let TIME show you everything you need to know about drones, autonomous cars, smart devices and the latest inventions which are shaping industries and our way of livinghttps://www.youtube.com/playlist?list=PL2862F811BE8F5623 Stay up to date on breaking news from around the world through TIMEâ€™s trusted reporting, insight and accesshttps://www.youtube.com/playlist?list=PLYOGLpQQfhNJeIsW3A2d5Bs22Wc3PHma6CONNECT WITH TIMEWeb: http://time.com/Twitter: https://twitter.com/TIMEFacebook: https://www.facebook.com/time Instagram: https://www.instagram.com/time/?hl=enMagazine: http://time.com/magazine/Newsletter: time.com/newsletterABOUT TIMETIME brings unparalleled insight, access and authority to the news. A 24/7 news publication with nearly a century of experience, TIMEâ€™s coverage shapes how we understand our world. Subscribe for daily news, interviews, science, technology, politics, health, entertainment, and business updates, as well as exclusive videos from TIMEâ€™s Person of the Year, TIME 100 and more created by TIMEâ€™s acclaimed writers, producers and editors. Members of the Coronavirus Task Force Hold a Press Briefinghttps://www.youtube.com/user/TimeMagazine"
